{"latitud":14.4849678,"longitud":-90.8068534}